{"MOX 7%": {"total": [0.251411, 0.41909640000000004, 0.6045207, 0.739128, 1.7253923, 1.368792, 1.757294], "absorption": [0.014998, 0.0070678, 0.10016, 0.32292, 1.3286, 0.97082, 1.3454], "nu_fission": [0.040148, 0.0067757, 0.076917, 0.08736, 2.1907, 1.7175, 2.4624], "kappa_fission": [4.7209e-13, 7.8885e-14, 9.0716e-13, 1.0306e-12, 2.5879e-11, 2.0225e-11, 2.8978e-11], "scatter_gtg": [[[0.18354, 0.0, 0.0, 0.0, 0.0, 0.0, 0.0], [0.052873, 0.40966, 0.0, 0.0, 0.0, 0.0, 0.0], [0.0, 0.0023686, 0.50231, 0.0, 0.0, 0.0, 0.0], [0.0, 0.0, 0.0020507, 0.40442, 0.0087685, 0.0, 0.0], [0.0, 0.0, 0.0, 0.011788, 0.36667, 0.04012, 0.002512], [0.0, 0.0, 0.0, 0.0, 0.020863, 0.3231, 0.076912], [0.0, 0.0, 0.0, 0.0, 0.0004908, 0.034752, 0.33247]], [[0.082937, 0.0, 0.0, 0.0, 0.0, 0.0, 0.0], [-0.0016007, 0.050881, 0.0, 0.0, 0.0, 0.0, 0.0], [0.0, -0.00072136, 0.009014, 0.0, 0.0, 0.0, 0.0], [0.0, 0.0, -0.00062359, 0.011225, -0.00077511, 0.0, 0.0], [0.0, 0.0, 0.0, -0.0026241, 0.012864, -0.006322, -0.0013852], [0.0, 0.0, 0.0, 0.0, -0.0030215, 0.019737, -0.010391], [0.0, 0.0, 0.0, 0.0, -0.00025469, -0.0046261, 0.019899]]]}, "UO2 2%": {"total": [0.251565, 0.4193998, 0.5679857, 0.425806, 0.51168335, 0.5859369999999999, 0.7776607], "absorption": [0.013209, 0.0055331, 0.070429, 0.033334, 0.1107, 0.18083, 0.35839], "nu_fission": [0.033622, 0.002051, 0.023603, 0.041982, 0.18488, 0.30967, 0.62433], "kappa_fission": [4.1057e-13, 2.7036e-14, 3.1445e-13, 5.5931e-13, 2.4631e-12, 4.1256e-12, 8.3176e-12], "scatter_gtg": [[[0.18388, 0.0, 0.0, 0.0, 0.0, 0.0, 0.0], [0.054476, 0.4115, 0.0, 0.0, 0.0, 0.0, 0.0], [0.0, 0.0023667, 0.49517, 0.0, 0.0, 0.0, 0.0], [0.0, 0.0, 0.0023867, 0.37683, 0.0039205, 0.0, 0.0], [0.0, 0.0, 0.0, 0.015642, 0.36333, 0.039767, 0.0024427], [0.0, 0.0, 0.0, 0.0, 0.032969, 0.32961, 0.075498], [0.0, 0.0, 0.0, 0.0, 0.00076385, 0.03573, 0.34133]], [[0.084595, 0.0, 0.0, 0.0, 0.0, 0.0, 0.0], [-0.0015875, 0.051728, 0.0, 0.0, 0.0, 0.0, 0.0], [0.0, -0.00072863, 0.0091268, 0.0, 0.0, 0.0, 0.0], [0.0, 0.0, -0.00072787, 0.012308, -0.00035988, 0.0, 0.0], [0.0, 0.0, 0.0, -0.0036166, 0.014579, -0.0063746, -0.0013504], [0.0, 0.0, 0.0, 0.0, -0.0050023, 0.019958, -0.010504], [0.0, 0.0, 0.0, 0.0, -0.00040238, -0.0047461, 0.019975]]]}, "UO2 3%": {"total": [0.251579, 0.4189796, 0.5768591, 0.44098699999999996, 0.56779014, 0.6824410000000001, 0.9683491], "absorption": [0.013431, 0.0059921, 0.078788, 0.047232, 0.16531, 0.27566, 0.54767], "nu_fission": [0.034216, 0.0031451, 0.037576, 0.068684, 0.29824, 0.50907, 1.021], "kappa_fission": [4.1739e-13, 4.1432e-14, 5.006e-13, 9.1504e-13, 3.9733e-12, 6.7821e-12, 1.3603e-11], "scatter_gtg": [[[0.18375, 0.0, 0.0, 0.0, 0.0, 0.0, 0.0], [0.054398, 0.41065, 0.0, 0.0, 0.0, 0.0, 0.0], [0.0, 0.0023375, 0.49577, 0.0, 0.0, 0.0, 0.0], [0.0, 0.0, 0.0023011, 0.37836, 0.0045072, 0.0, 0.0], [0.0, 0.0, 0.0, 0.015395, 0.36718, 0.040585, 0.0024781], [0.0, 0.0, 0.0, 0.0, 0.0301, 0.33105, 0.076661], [0.0, 0.0, 0.0, 0.0, 0.00069294, 0.035146, 0.34154]], [[0.084564, 0.0, 0.0, 0.0, 0.0, 0.0, 0.0], [-0.0015995, 0.05189, 0.0, 0.0, 0.0, 0.0, 0.0], [0.0, -0.00071958, 0.0091079, 0.0, 0.0, 0.0, 0.0], [0.0, 0.0, -0.00070178, 0.012255, -0.00041333, 0.0, 0.0], [0.0, 0.0, 0.0, -0.0035597, 0.014266, -0.0064334, -0.0013682], [0.0, 0.0, 0.0, 0.0, -0.0046622, 0.020001, -0.010563], [0.0, 0.0, 0.0, 0.0, -0.00036669, -0.0047224, 0.020082]]]}, "BA (UO2 FA)": {"total": [0.247984, 0.41356119999999996, 0.6200172, 0.607425, 2.4244287800000004, 27.584211, 121.5331243], "absorption": [0.011657, 0.0056708, 0.11578, 0.22888, 2.0186, 27.007, 120.66], "nu_fission": [0.029089, 0.00084367, 0.0073974, 0.013197, 0.048833, 0.08918, 0.18121], "kappa_fission": [3.5554e-13, 1.1142e-14, 9.8552e-14, 1.7582e-13, 6.5057e-13, 1.1881e-12, 2.4142e-12], "scatter_gtg": [[[0.182, 0.0, 0.0, 0.0, 0.0, 0.0, 0.0], [0.054327, 0.40546, 0.0, 0.0, 0.0, 0.0, 0.0], [0.0, 0.0024304, 0.50185, 0.0, 0.0, 0.0, 0.0], [0.0, 0.0, 0.0023872, 0.363, 0.0077391, 0.0, 0.0], [0.0, 0.0, 0.0, 0.015545, 0.38453, 0.066034, 0.0027343], [0.0, 0.0, 0.0, 0.0, 0.013299, 0.48111, 0.14176], [0.0, 0.0, 0.0, 0.0, 0.00026068, 0.030067, 0.72863]], [[0.076172, 0.0, 0.0, 0.0, 0.0, 0.0, 0.0], [-0.0016274, 0.046412, 0.0, 0.0, 0.0, 0.0, 0.0], [0.0, -0.00072981, 0.0088384, 0.0, 0.0, 0.0, 0.0], [0.0, 0.0, -0.00072261, 0.011968, -0.00065554, 0.0, 0.0], [0.0, 0.0, 0.0, -0.0035452, 0.011757, -0.0068438, -0.0014913], [0.0, 0.0, 0.0, 0.0, -0.0024166, 0.01911, -0.010033], [0.0, 0.0, 0.0, 0.0, -0.00014826, -0.0037308, 0.019556]]]}, "BA (MOX FA)": {"total": [0.24794200000000002, 0.41345, 0.6195041, 0.617143, 2.00743993, 27.291685, 121.903263], "absorption": [0.011697, 0.0056654, 0.11404, 0.23879, 1.606, 26.716, 121.03], "nu_fission": [0.029241, 0.00084406, 0.0072823, 0.012191, 0.045262, 0.088912, 0.18186], "kappa_fission": [3.5662e-13, 1.1147e-14, 9.7018e-14, 1.6242e-13, 6.03e-13, 1.1845e-12, 2.4228e-12], "scatter_gtg": [[[0.18224, 0.0, 0.0, 0.0, 0.0, 0.0, 0.0], [0.054005, 0.40536, 0.0, 0.0, 0.0, 0.0, 0.0], [0.0, 0.0024246, 0.50323, 0.0, 0.0, 0.0, 0.0], [0.0, 0.0, 0.0022341, 0.36486, 0.0093753, 0.0, 0.0], [0.0, 0.0, 0.0, 0.013493, 0.3827, 0.066879, 0.002723], [0.0, 0.0, 0.0, 0.0, 0.0091885, 0.47944, 0.14113], [0.0, 0.0, 0.0, 0.0, 0.00017613, 0.029366, 0.72941]], [[0.07645, 0.0, 0.0, 0.0, 0.0, 0.0, 0.0], [-0.0015993, 0.046444, 0.0, 0.0, 0.0, 0.0, 0.0], [0.0, -0.00072806, 0.0087926, 0.0, 0.0, 0.0, 0.0], [0.0, 0.0, -0.00067629, 0.011467, -0.00078959, 0.0, 0.0], [0.0, 0.0, 0.0, -0.0030654, 0.011229, -0.0068715, -0.0014855], [0.0, 0.0, 0.0, 0.0, -0.0017908, 0.019111, -0.010024], [0.0, 0.0, 0.0, 0.0, -0.00010163, -0.0037036, 0.019533]]]}, "Control Rod": {"total": [0.1989522, 0.3841652, 1.164813, 7.9604740000000005, 18.4370601, 31.860007, 54.53584], "absorption": [0.0066012, 0.024867, 0.7247, 7.5193, 17.993, 31.409, 54.062], "nu_fission": [0.0, 0.0, 0.0, 0.0, 0.0, 0.0, 0.0], "kappa_fission": [0.0, 0.0, 0.0, 0.0, 0.0, 0.0, 0.0], "scatter_gtg": [[[0.15802, 0.0, 0.0, 0.0, 0.0, 0.0, 0.0], [0.034331, 0.35178, 0.0, 0.0, 0.0, 0.0, 0.0], [0.0, 0.0075182, 0.43767, 0.0, 0.0, 0.0, 0.0], [0.0, 0.0, 0.002443, 0.41383, 0.0051538, 0.0, 0.0], [0.0, 0.0, 0.0, 0.027344, 0.38821, 0.059688, 0.00406], [0.0, 0.0, 0.0, 0.0, 0.049283, 0.32399, 0.12823], [0.0, 0.0, 0.0, 0.0, 0.0014133, 0.067329, 0.34155]], [[0.004862, 0.0, 0.0, 0.0, 0.0, 0.0, 0.0], [-0.0013112, 0.0067646, 0.0, 0.0, 0.0, 0.0, 0.0], [0.0, -0.00044387, 0.0054865, 0.0, 0.0, 0.0, 0.0], [0.0, 0.0, -0.00014496, 0.0068217, 3.267e-05, 0.0, 0.0], [0.0, 0.0, 0.0, -0.0014191, 0.0074662, -0.0011229, -0.00062904], [0.0, 0.0, 0.0, 0.0, -0.0018585, 0.0087547, -0.0020484], [0.0, 0.0, 0.0, 0.0, -0.00012332, -0.0020733, 0.0079118]]]}, "Guide Tube": {"total": [0.18748278999999998, 0.35829391, 0.33228895, 0.27201190000000003, 0.27522159999999996, 0.2803152, 0.2980152], "absorption": [0.00026479, 0.00073106, 0.0050349, 0.0011884, 0.0027968, 0.0047012, 0.0085762], "nu_fission": [0.0, 0.0, 0.0, 0.0, 0.0, 0.0, 0.0], "kappa_fission": [0.0, 0.0, 0.0, 0.0, 0.0, 0.0, 0.0], "scatter_gtg": [[[0.15467, 0.0, 0.0, 0.0, 0.0, 0.0, 0.0], [0.032548, 0.35679, 0.0, 0.0, 0.0, 0.0, 0.0], [0.0, 0.00077285, 0.32666, 0.0, 0.0, 0.0, 0.0], [0.0, 0.0, 0.00059405, 0.26551, 0.0021268, 0.0, 0.0], [0.0, 0.0, 0.0, 0.0053135, 0.25639, 0.01485, 0.0], [0.0, 0.0, 0.0, 0.0, 0.013908, 0.24423, 0.029899], [0.0, 0.0, 0.0, 0.0, 0.0, 0.016534, 0.25954]], [[0.057757, 0.0, 0.0, 0.0, 0.0, 0.0, 0.0], [-0.00033246, 0.053008, 0.0, 0.0, 0.0, 0.0, 0.0], [0.0, -0.00019368, 0.0025633, 0.0, 0.0, 0.0, 0.0], [0.0, 0.0, -0.00018962, 0.0035228, -0.00025996, 0.0, 0.0], [0.0, 0.0, 0.0, -0.0012073, 0.0052758, -0.0026623, 0.0], [0.0, 0.0, 0.0, 0.0, -0.0025732, 0.0080325, -0.0052839], [0.0, 0.0, 0.0, 0.0, 0.0, -0.002993, 0.0076619]]]}, "Gas": {"total": [6.1066e-09, 2.6117e-08, 1.0268e-06, 7.9749e-06, 1.8728e-05, 3.152e-05, 5.7803e-05], "absorption": [6.1066e-09, 2.6117e-08, 1.0268e-06, 7.9749e-06, 1.8728e-05, 3.152e-05, 5.7803e-05], "nu_fission": [0.0, 0.0, 0.0, 0.0, 0.0, 0.0, 0.0],