Name,Shape,Entries,Compression,Elapsed Time (s)
H,"(1048576, 1048576)",82968577,13252.145179927576,16.710379123687744
S,"(1048576, 1048576)",69696,15775821.105601469,16.710416078567505
q,torch.Size([1048576]),1048576,1.0,16.710448741912842
B_out,"(1048576, 1048576)",2678785,410451.61436098826,16.71047019958496
