Name,Shape,Entries,Compression,Elapsed Time (s)
H,"(1048576, 1048576)",82968577,13252.145179927576,34.914963245391846
S,"(1048576, 1048576)",69696,15775821.105601469,34.91499853134155
q,torch.Size([1048576]),1048576,1.0,34.91502857208252
B_out,"(1048576, 1048576)",2678785,410451.61436098826,34.91504955291748
