Name,Shape,Entries,Compression,Elapsed Time (s)
H,"torch.Size([1048576, 1048576])",122880000,8947.848533333334,41.64278721809387
S,"(np.int64(1048576), np.int64(1048576))",44160,24898361.136231884,41.64292931556702
q,torch.Size([1048576]),1048576,1.0,41.642964124679565
B_out,"torch.Size([1048576, 1048576])",2445312,449640.6298157454,41.642996072769165
