Name,Shape,Entries,Compression,Elapsed Time (s)
H,"(1048576, 1048576)",82968577,13252.145179927576,55.066457748413086
S,"(1048576, 1048576)",69696,15775821.105601469,55.06649136543274
q,torch.Size([1048576]),1048576,1.0,55.06652021408081
B_out,"(1048576, 1048576)",2678785,410451.61436098826,55.066537618637085
