Name,Shape,Entries,Compression,Elapsed Time (s)
H,"torch.Size([1048576, 1048576])",338608128,3247.1507233754296,78.20940327644348
S,"torch.Size([1, 256, 256])",110224,0.5945710553055595,78.20945191383362
q,torch.Size([1048576]),1048576,1,78.20947027206421
B_out,"torch.Size([1048576, 1048576])",4067328,270327.75025176234,78.20950365066528
