Name,Shape,Entries,Compression,Elapsed Time (s)
H,"torch.Size([1048576, 1048576])",122880000,8947.848533333334,17.921527862548828
S,"torch.Size([1, 256, 256])",40000,1.6384,17.92163920402527
q,torch.Size([1048576]),1048576,1,17.921675205230713
B_out,"torch.Size([1048576, 1048576])",2445312,449640.6298157454,17.921724557876587
