Name,Shape,Entries,Compression,Elapsed Time (s)
H,"torch.Size([1048576, 1048576])",122880000,8947.848533333334,41.289403438568115
S,"torch.Size([1, 256, 256])",40000,1.6384,41.289469957351685
q,torch.Size([1048576]),1048576,1,41.28949189186096
B_out,"torch.Size([1048576, 1048576])",2445312,449640.6298157454,41.289939880371094
