Name,Shape,Ranks,Entries,Compression,Elapsed Time (s)
H,"[(4, 4), (32, 32), (32, 32), (16, 16), (16, 16)]","[3, 3, 3, 2]",20528,53561556.30241621,5.444993734359741
S,"[(4, 4), (32, 32), (32, 32), (16, 16), (16, 16)]","[1, 1, 1, 1]",2576,426829048.0496894,5.445030450820923
B_out,"[(4, 4), (32, 32), (32, 32), (16, 16), (16, 16)]","[3, 4, 4, 3]",32560,33768784.636855036,5.4450554847717285
