Name,Shape,Ranks,Entries,Compression,Elapsed Time (s)
H,"[(4, 4), (32, 32), (32, 32), (16, 16), (16, 16)]","[3, 3, 3, 2]",20528,53561556.30241621,7.595191955566406
S,"[(4, 4), (32, 32), (32, 32), (16, 16), (16, 16)]","[1, 1, 1, 1]",2576,426829048.0496894,7.5952677726745605
B_out,"[(4, 4), (32, 32), (32, 32), (16, 16), (16, 16)]","[3, 4, 4, 3]",32560,33768784.636855036,7.595294713973999
