Name,Shape,Ranks,Entries,Compression,Elapsed Time (s)
H,"[(4, 4), (32, 32), (32, 32), (16, 16), (16, 16)]","[3, 3, 3, 2]",20528,53561556.30241621,4.680035591125488
S,"[(4, 4), (32, 32), (32, 32), (16, 16), (16, 16)]","[1, 1, 1, 1]",2576,426829048.0496894,4.680077314376831
B_out,"[(4, 4), (32, 32), (32, 32), (16, 16), (16, 16)]","[3, 4, 4, 3]",32560,33768784.636855036,4.680098056793213
