Name,Shape,Ranks,Entries,Compression,Elapsed Time (s)
H,"[(4, 4), (32, 32), (32, 32), (16, 16), (16, 16)]","[3, 3, 3, 2]",20528,53561556.30241621,23.27055525779724
S,"[(4, 4), (32, 32), (32, 32), (16, 16), (16, 16)]","[1, 1, 1, 1]",2576,426829048.0496894,23.270599842071533
q,torch.Size([1048576]),[nan],1048576,1,23.270622491836548
B_out,"[(4, 4), (32, 32), (32, 32), (16, 16), (16, 16)]","[3, 4, 4, 3]",32560,33768784.636855036,23.270648956298828
