Name,Shape,Entries,Compression,Elapsed Time (s)
H,"(589824, 589824)",43057153,8079.780634265345,8.16414213180542
B_out,"(589824, 589824)",1631533,213230.34898834408,8.164195537567139
B_in,"(589824, 589824)",1489837,233510.3444041194,8.164216041564941
S,"(589824, 589824)",332832,1045249.1075858091,8.164236783981323
q,torch.Size([589824]),589824,1.0,8.164271354675293
