Name,Shape,Entries,Compression,Elapsed Time (s)
H,"(589824, 589824)",43057153,8079.780634265345,25.25098991394043
B_out,"(589824, 589824)",1631533,213230.34898834408,25.25103998184204
B_in,"(589824, 589824)",1489837,233510.3444041194,25.251060247421265
S,"(589824, 589824)",332832,1045249.1075858091,25.251078605651855
q,torch.Size([589824]),589824,1.0,25.251108169555664
