Name,Shape,Entries,Compression,Elapsed Time (s)
H,"(589824, 589824)",43057153,8079.780634265345,12.43694019317627
B_out,"(589824, 589824)",1631533,213230.34898834408,12.43697190284729
B_in,"(589824, 589824)",1489837,233510.3444041194,12.436989307403564
S,"(589824, 589824)",332832,1045249.1075858091,12.43700361251831
q,torch.Size([589824]),589824,1.0,12.437027931213379
