Name,Shape,Entries,Compression,Elapsed Time (s)
H,"torch.Size([262144, 262144])",14204928,4837.720876585929,10.616430044174194
S,"torch.Size([1, 256, 256])",9248,7.086505190311419,10.61652398109436
q,torch.Size([262144]),262144,1,10.616548538208008
B_out,"torch.Size([262144, 262144])",734457,93565.01025383378,10.616607189178467
B_in,"torch.Size([262144, 262144])",638676,107596.7732246084,10.616656064987183
