Name,Shape,Entries,Compression,Elapsed Time (s)
H,"torch.Size([262144, 262144])",14204928,4837.720876585929,2.6588385105133057
S,"torch.Size([1, 256, 256])",9248,7.086505190311419,2.6589481830596924
q,torch.Size([262144]),262144,1,2.6589908599853516
B_out,"torch.Size([262144, 262144])",734457,93565.01025383378,2.6590845584869385
B_in,"torch.Size([262144, 262144])",638676,107596.7732246084,2.6592442989349365
