Name,Shape,Entries,Compression,Elapsed Time (s)
H,"(589824, 589824)",43057153,8079.780634265345,16.949747800827026
B_out,"(589824, 589824)",1631533,213230.34898834408,16.949835300445557
B_in,"(589824, 589824)",1489837,233510.3444041194,16.949862241744995
S,"(589824, 589824)",332832,1045249.1075858091,16.949886560440063
q,torch.Size([589824]),589824,1.0,16.949942588806152
