Name,Shape,Ranks,Entries,Compression,Elapsed Time (s)
H,"[(4, 4), (16, 16), (16, 16), (4, 4), (16, 16), (16, 16)]","[3, 3, 3, 10, 40]",117776,9335616.999864148,23.0255069732666
S,"[(4, 4), (16, 16), (16, 16), (4, 4), (16, 16), (16, 16)]","[1, 1, 1, 2, 17]",13616,80751441.52291422,23.025565147399902
B_out,"[(4, 4), (16, 16), (16, 16), (4, 4), (16, 16), (16, 16)]","[4, 28, 105, 110, 8]",1193504,921246.7053114191,23.025591135025024
B_in,"[(4, 4), (16, 16), (16, 16), (4, 4), (16, 16), (16, 16)]","[6, 30, 107, 110, 8]",1283584,856594.9932189868,23.025611639022827
