Name,Shape,Ranks,Entries,Compression,Elapsed Time (s)
H,"[(4, 4), (16, 16), (16, 16), (4, 4), (12, 12), (12, 12)]","[3, 3, 3, 10, 41]",70080,4964217.3369863015,15.490871667861938
B_out,"[(4, 4), (16, 16), (16, 16), (4, 4), (12, 12), (12, 12)]","[4, 28, 76, 78, 8]",759360,458138.89456384326,15.490909337997437
B_in,"[(4, 4), (16, 16), (16, 16), (4, 4), (12, 12), (12, 12)]","[6, 30, 77, 78, 8]",824640,421871.7876600698,15.490931272506714
S,"[(4, 4), (16, 16), (16, 16), (4, 4), (12, 12), (12, 12)]","[1, 1, 1, 2, 17]",7904,44014720.51821862,15.490949392318726
