Name,Shape,Ranks,Entries,Compression,Elapsed Time (s)
H,"[(4, 4), (16, 16), (16, 16), (4, 4), (8, 8), (8, 8)]","[3, 3, 3, 10, 34]",29072,2363768.4623004952,6.919222354888916
S,"[(4, 4), (16, 16), (16, 16), (4, 4), (8, 8), (8, 8)]","[1, 1, 1, 2, 18]",4016,17111423.49003984,6.919260740280151
B_out,"[(4, 4), (16, 16), (16, 16), (4, 4), (8, 8), (8, 8)]","[4, 28, 41, 42, 8]",372192,184634.48095606567,6.919280052185059
B_in,"[(4, 4), (16, 16), (16, 16), (4, 4), (8, 8), (8, 8)]","[6, 30, 41, 42, 8]",410624,167353.77556109725,6.919295787811279
