Name,Shape,Ranks,Entries,Compression,Elapsed Time (s)
H,"[(4, 4), (16, 16), (16, 16), (6, 6), (12, 12)]","[3, 3, 3, 33]",12972,419042.39777983347,6.453393936157227
S,"[(4, 4), (16, 16), (16, 16), (6, 6), (12, 12)]","[1, 1, 1, 14]",3048,1783404.8503937009,6.453474044799805
F,"[(4, 4), (16, 16), (16, 16), (6, 6), (12, 12)]","[1, 1, 1, 14]",3048,1783404.8503937009,6.453503370285034
B_out,"[(4, 4), (16, 16), (16, 16), (6, 6), (12, 12)]","[4, 20, 14, 3]",94168,57724.6833743947,6.453530788421631
B_in,"[(4, 4), (16, 16), (16, 16), (6, 6), (12, 12)]","[2, 2, 2, 2]",2512,2163940.280254777,6.453563213348389
