Name,Shape,Entries,Compression,Elapsed Time (s)
H,"torch.Size([4915200, 4915200])",496041984,48703.923900118905,107.00737762451172
S,"(np.int64(4915200), np.int64(4915200))",84896,284573961.5529589,107.00760340690613
q,torch.Size([4915200]),4915200,1.0,107.00768160820007
B_out,"torch.Size([4915200, 4915200])",16012023,1508815.65933299,107.00771832466125
B_in,"torch.Size([4915200, 4915200])",15422496,1566490.3424192816,107.00775408744812
