Name,Shape,Entries,Compression,Elapsed Time (s)
H,"(12582912, 12582912)",995622913,159025.74391610452,265.1131293773651
S,"(12582912, 12582912)",9441344,16769823.70303889,265.11316108703613
q,torch.Size([12582912]),12582912,1.0,265.1131887435913
B_out,"(12582912, 12582912)",30830051,5135563.168537866,265.1132071018219
B_in,"(12582912, 12582912)",30091697,5261573.463262773,265.1132221221924
