Name,Shape,Entries,Compression,Elapsed Time (s)
H,"(12582912, 12582912)",995622913,159025.74391610452,263.5364158153534
S,"(12582912, 12582912)",9441344,16769823.70303889,263.5364468097687
q,torch.Size([12582912]),12582912,1.0,263.5364751815796
B_out,"(12582912, 12582912)",30830051,5135563.168537866,263.5364935398102
B_in,"(12582912, 12582912)",30091697,5261573.463262773,263.53650760650635
