Name,Shape,Entries,Compression,Elapsed Time (s)
H,"(196608, 196608)",15556609,2484.7770914599705,14.514345645904541
S,"(196608, 196608)",9437256,4095.9687502384168,14.514380931854248
q,torch.Size([196608]),196608,1.0,14.514407396316528
B_out,"(196608, 196608)",481581,80266.25980676147,14.514424562454224
B_in,"(196608, 196608)",470025,82239.68015318335,14.51443600654602
