Name,Shape,Entries,Compression,Elapsed Time (s)
H,"(4915200, 4915200)",335609857,71985.94003155277,54.178762912750244
S,"(4915200, 4915200)",1444160,16728888.101041436,54.17883348464966
q,torch.Size([4915200]),4915200,1.0,54.17890119552612
B_out,"(4915200, 4915200)",15589883,1549671.0937471436,54.178956747055054
B_in,"(4915200, 4915200)",15196865,1589748.3487548253,54.17900514602661
