Name,Shape,Entries,Compression,Elapsed Time (s)
H,"(12582912, 12582912)",995622913,159025.74391610452,234.09055399894714
S,"(12582912, 12582912)",9441344,16769823.70303889,234.09058833122253
q,torch.Size([12582912]),12582912,1.0,234.09061765670776
B_out,"(12582912, 12582912)",30830051,5135563.168537866,234.09063744544983
B_in,"(12582912, 12582912)",30091697,5261573.463262773,234.09065318107605
