Name,Shape,Entries,Compression,Elapsed Time (s)
H,"(4915200, 4915200)",335609857,71985.94003155277,83.05592894554138
S,"(4915200, 4915200)",1444160,16728888.101041436,83.0559823513031
q,torch.Size([4915200]),4915200,1.0,83.05601906776428
B_out,"(4915200, 4915200)",15589883,1549671.0937471436,83.05603861808777
B_in,"(4915200, 4915200)",15196865,1589748.3487548253,83.05605459213257
