Name,Shape,Ranks,Entries,Compression,Elapsed Time (s)
H,"[(4, 4), (32, 32), (32, 32), (12, 12), (10, 10), (10, 10)]","[3, 3, 3, 27, 39]",139344,173378050.29280055,221.1773557662964
S,"[(4, 4), (32, 32), (32, 32), (12, 12), (10, 10), (10, 10)]","[1, 1, 1, 6, 18]",15528,1555846924.2658424,221.17740654945374
B_out,"[(4, 4), (32, 32), (32, 32), (12, 12), (10, 10), (10, 10)]","[4, 64, 170, 62, 8]",12971488,1862484.168354471,221.17743134498596
B_in,"[(4, 4), (32, 32), (32, 32), (12, 12), (10, 10), (10, 10)]","[6, 66, 171, 64, 8]",13590400,1777665.928890982,221.1774525642395
