Name,Shape,Ranks,Entries,Compression,Elapsed Time (s)
H,"[(4, 4), (16, 16), (16, 16), (9, 9), (9, 9), (9, 9)]","[3, 3, 3, 21, 35]",72129,7725828.41874974,318.1498327255249
S,"[(4, 4), (16, 16), (16, 16), (9, 9), (9, 9), (9, 9)]","[1, 1, 1, 3, 16]",5955,93577880.43929471,318.14991641044617
B_out,"[(4, 4), (16, 16), (16, 16), (9, 9), (9, 9), (9, 9)]","[4, 33, 118, 46, 4]",1485616,375101.15535643126,318.1499562263489
B_in,"[(4, 4), (16, 16), (16, 16), (9, 9), (9, 9), (9, 9)]","[6, 35, 119, 48, 4]",1598644,348580.59581495315,318.1499807834625
