Name,Shape,Ranks,Entries,Compression,Elapsed Time (s)
H,"[(4, 4), (4, 4), (4, 4), (12, 12), (16, 16), (16, 16)]","[3, 3, 3, 25, 17]",124288,311009.1534500515,17.423351764678955
S,"[(4, 4), (4, 4), (4, 4), (12, 12), (16, 16), (16, 16)]","[1, 1, 1, 6, 6]",11664,3314017.975308642,17.42338514328003
B_out,"[(4, 4), (4, 4), (4, 4), (12, 12), (16, 16), (16, 16)]","[4, 10, 27, 58, 6]",321152,120362.6496612196,17.42340326309204
B_in,"[(4, 4), (4, 4), (4, 4), (12, 12), (16, 16), (16, 16)]","[6, 12, 29, 61, 6]",356784,108342.03793892103,17.423417806625366
