Name,Shape,Ranks,Entries,Compression,Elapsed Time (s)
H,"[(4, 4), (4, 4), (4, 4), (12, 12), (16, 16), (16, 16)]","[3, 3, 3, 30, 18]",156144,247558.05963725792,17.249173641204834
S,"[(4, 4), (4, 4), (4, 4), (12, 12), (16, 16), (16, 16)]","[1, 1, 1, 11, 9]",29280,1320174.373770492,17.249209880828857
B_out,"[(4, 4), (4, 4), (4, 4), (12, 12), (16, 16), (16, 16)]","[4, 10, 27, 58, 6]",321152,120362.6496612196,17.249226808547974
B_in,"[(4, 4), (4, 4), (4, 4), (12, 12), (16, 16), (16, 16)]","[6, 12, 29, 61, 6]",356784,108342.03793892103,17.24924325942993
