Name,Shape,Ranks,Entries,Compression,Elapsed Time (s)
H,"[(4, 4), (16, 16), (16, 16), (10, 10), (10, 10)]","[3, 3, 3, 49]",24256,432295.51451187336,10.441033124923706
S,"[(4, 4), (16, 16), (16, 16), (10, 10), (10, 10)]","[1, 1, 1, 17]",3928,2669490.8350305497,10.44107460975647
F,"[(4, 4), (16, 16), (16, 16), (10, 10), (10, 10)]","[1, 1, 1, 17]",3928,2669490.8350305497,10.44110107421875
B_out,"[(4, 4), (16, 16), (16, 16), (10, 10), (10, 10)]","[4, 34, 58, 34]",740312,14163.974108213833,10.441124677658081
