Name,Shape,Entries,Compression,Elapsed Time (s)
H,"(4128768, 4128768)",171343873,99488.38496153288,26.571749448776245
S,"(4128768, 4128768)",16258080,1048507.8925570548,26.571783304214478
F,"(4128768, 4128768)",16257056,1048573.936008094,26.571800470352173
B_out,"(4128768, 4128768)",9563219,1782530.045356485,26.571817636489868
B_in,"(4128768, 4128768)",9603329,1775084.993737484,26.571832180023193
