Name,Shape,Entries,Compression,Elapsed Time (s)
H,"torch.Size([1835008, 1835008])",99434496,33864.0461361015,19.156970500946045
S,"torch.Size([1, 1792, 1792])",453152,7.086505190311419,19.15704345703125
F,"torch.Size([1792, 1792])",194208,16.53517877739331,19.157091856002808
B_out,"torch.Size([1835008, 1835008])",5141199,654955.0717768365,19.157132387161255
B_in,"torch.Size([1835008, 1835008])",5201868,647316.3794360026,19.157172679901123
