Name,Shape,Ranks,Entries,Compression,Elapsed Time (s)
H,"[(4, 4), (4, 4), (4, 4), (7, 7), (4, 4), (8, 8), (8, 8)]","[3, 3, 3, 4, 12, 34]",29980,438737.0695130087,2.2149817943573
S,"[(4, 4), (4, 4), (4, 4), (7, 7), (4, 4), (8, 8), (8, 8)]","[1, 1, 1, 2, 4, 22]",7314,1798378.0891441072,2.215017795562744
F,"[(4, 4), (4, 4), (4, 4), (7, 7), (4, 4), (8, 8), (8, 8)]","[1, 1, 1, 1, 2, 18]",3585,3668992.2856345885,2.215038299560547
B_out,"[(4, 4), (4, 4), (4, 4), (7, 7), (4, 4), (8, 8), (8, 8)]","[4, 10, 21, 21, 42, 8]",61801,212833.72993964498,2.215073347091675
B_in,"[(4, 4), (4, 4), (4, 4), (7, 7), (4, 4), (8, 8), (8, 8)]","[8, 14, 25, 25, 43, 9]",80689,163012.76932419537,2.2150967121124268
