Name,Shape,Ranks,Entries,Compression,Elapsed Time (s)
H,"[(4, 4), (16, 16), (16, 16), (2, 2), (8, 8), (10, 10)]","[3, 3, 3, 3, 2]",5276,5087859.287338893,4.107824087142944
S,"[(4, 4), (16, 16), (16, 16), (2, 2), (8, 8), (10, 10)]","[3, 3, 2, 1, 1]",4060,6611710.738916256,4.107870101928711
F,"[(4, 4), (16, 16), (16, 16), (2, 2), (8, 8), (10, 10)]","[1, 1, 1, 1, 1]",696,38568312.64367816,4.107897043228149
B_out,"[(4, 4), (16, 16), (16, 16), (2, 2), (8, 8), (10, 10)]","[3, 4, 4, 4, 3]",8348,3215566.075706756,4.107921600341797
B_in,"[(4, 4), (16, 16), (16, 16), (2, 2), (8, 8), (10, 10)]","[3, 3, 3, 3, 2]",5276,5087859.287338893,4.107948064804077
