Name,Shape,Ranks,Entries,Compression,Elapsed Time (s)
H,"[(4, 4), (32, 32), (32, 32), (2, 2), (14, 14), (14, 14)]","[3, 3, 3, 3, 2]",20084,128363578.93965346,10.335591077804565
S,"[(4, 4), (32, 32), (32, 32), (2, 2), (14, 14), (14, 14)]","[1, 1, 1, 1, 1]",2460,1047989479.4406505,10.33562421798706
F,"[(4, 4), (32, 32), (32, 32), (2, 2), (14, 14), (14, 14)]","[1, 1, 1, 1, 1]",2460,1047989479.4406505,10.335647821426392
B_out,"[(4, 4), (32, 32), (32, 32), (2, 2), (14, 14), (14, 14)]","[3, 4, 4, 4, 3]",31724,81265102.74315976,10.335668087005615
