Name,Shape,Ranks,Entries,Compression,Elapsed Time (s)
H,"[(4, 4), (16, 16), (16, 16), (2, 2), (8, 8), (10, 10)]","[3, 3, 3, 3, 2]",5276,5087859.287338893,2.7593579292297363
S,"[(4, 4), (16, 16), (16, 16), (2, 2), (8, 8), (10, 10)]","[3, 3, 2, 1, 1]",4060,6611710.738916256,2.759389638900757
F,"[(4, 4), (16, 16), (16, 16), (2, 2), (8, 8), (10, 10)]","[1, 1, 1, 1, 1]",696,38568312.64367816,2.759406089782715
B_out,"[(4, 4), (16, 16), (16, 16), (2, 2), (8, 8), (10, 10)]","[3, 4, 4, 4, 3]",8348,3215566.075706756,2.7594220638275146
B_in,"[(4, 4), (16, 16), (16, 16), (2, 2), (8, 8), (10, 10)]","[3, 3, 3, 3, 2]",5276,5087859.287338893,2.759434938430786
