Name,Shape,Ranks,Entries,Compression,Elapsed Time (s)
H,"[(4, 4), (16, 16), (16, 16), (2, 2), (7, 7), (11, 11)]","[3, 3, 3, 3, 2]",5228,4756700.156082632,6.494161367416382
S,"[(4, 4), (16, 16), (16, 16), (2, 2), (7, 7), (11, 11)]","[1, 1, 1, 1, 1]",702,35424541.90313391,6.494196176528931
F,"[(4, 4), (16, 16), (16, 16), (2, 2), (7, 7), (11, 11)]","[1, 1, 1, 1, 1]",702,35424541.90313391,6.494216442108154
B_out,"[(4, 4), (16, 16), (16, 16), (2, 2), (7, 7), (11, 11)]","[3, 4, 4, 4, 3]",8231,3021264.538452193,6.494234561920166
B_in,"[(4, 4), (16, 16), (16, 16), (2, 2), (7, 7), (11, 11)]","[2, 2, 2, 2, 1]",2315,10742128.905399568,6.494250297546387
