Name,Shape,Entries,Compression,Elapsed Time (s)
H,"(1048576, 1048576)",82968577,13252.145179927576,34.71979856491089
S,"(1048576, 1048576)",69696,15775821.105601469,34.71984124183655
q,torch.Size([1048576]),1048576,1.0,34.71987867355347
B_out,"(1048576, 1048576)",2793417,393608.12502250826,34.7199068069458
