Name,Shape,Entries,Compression,Elapsed Time (s)
H,"torch.Size([1048576, 1048576])",122880000,8947.848533333334,39.18548655509949
S,"(np.int64(1048576), np.int64(1048576))",44160,24898361.136231884,39.18556618690491
q,torch.Size([1048576]),1048576,1.0,39.18614363670349
B_out,"torch.Size([1048576, 1048576])",2617260,420100.2681338499,39.18618154525757
