Name,Shape,Entries,Compression,Elapsed Time (s)
H,"(1048576, 1048576)",82968577,13252.145179927576,46.46981167793274
S,"(1048576, 1048576)",69696,15775821.105601469,46.46984529495239
q,torch.Size([1048576]),1048576,1.0,46.46987175941467
B_out,"(1048576, 1048576)",2793417,393608.12502250826,46.46988844871521
