Name,Shape,Entries,Compression,Elapsed Time (s)
H,"(1048576, 1048576)",82968577,13252.145179927576,18.047605752944946
S,"(1048576, 1048576)",69696,15775821.105601469,18.047638177871704
q,torch.Size([1048576]),1048576,1.0,18.047664642333984
B_out,"(1048576, 1048576)",2793417,393608.12502250826,18.04768419265747
