Name,Shape,Entries,Compression,Elapsed Time (s)
H,"torch.Size([1048576, 1048576])",122880000,8947.848533333334,18.2206711769104
S,"torch.Size([1, 256, 256])",40000,1.6384,18.221417903900146
q,torch.Size([1048576]),1048576,1,18.221511840820312
B_out,"torch.Size([1048576, 1048576])",2617260,420100.2681338499,18.221615314483643
