Name,Shape,Ranks,Entries,Compression,Elapsed Time (s)
H,"[(4, 4), (32, 32), (32, 32), (16, 16), (16, 16)]","[3, 3, 3, 56]",75824,14500839.150875712,25.992266416549683
S,"[(4, 4), (32, 32), (32, 32), (16, 16), (16, 16)]","[1, 1, 1, 18]",11280,97474435.08652483,25.992318391799927
B_out,"[(4, 4), (32, 32), (32, 32), (16, 16), (16, 16)]","[4, 66, 106, 58]",9023040,121856.00726318403,25.992340087890625
