Name,Shape,Ranks,Entries,Compression,Elapsed Time (s)
H,"[(4, 4), (32, 32), (32, 32), (16, 16), (16, 16)]","[3, 3, 3, 56]",75824,14500839.150875712,17.23687505722046
S,"[(4, 4), (32, 32), (32, 32), (16, 16), (16, 16)]","[1, 1, 1, 18]",11280,97474435.08652483,17.23694348335266
B_out,"[(4, 4), (32, 32), (32, 32), (16, 16), (16, 16)]","[4, 66, 106, 58]",9023040,121856.00726318403,17.23697066307068
