Name,Shape,Entries,Compression,Elapsed Time (s)
H,"(435456, 435456)",16789249,11294.247165909565,5.742280721664429
B_out,"(435456, 435456)",1216699,155849.49764567902,5.742316722869873
B_in,"(435456, 435456)",1225617,154715.4844751664,5.742335081100464
S,"(435456, 435456)",92589032,2047.9955761498834,5.742353916168213
F,"(435456, 435456)",46294424,4095.9992921825747,5.742371082305908
