Name,Shape,Entries,Compression,Elapsed Time (s)
H,"(263424, 263424)",9305857,7456.831087776225,4.31232476234436
S,"(263424, 263424)",33883112,2047.9879113819297,4.312360763549805
F,"(263424, 263424)",16941464,4095.998065810605,4.312388181686401
B_out,"(263424, 263424)",847015,81925.59019143699,4.3124096393585205
B_in,"(263424, 263424)",856185,81048.1423710997,4.31242561340332
