Name,Shape,Entries,Compression,Elapsed Time (s)
H,"torch.Size([6967296, 6967296])",392491008,123679.81065088758,89.6695203781128
S,"torch.Size([2, 6804, 6804])",2756052,33.59473333594577,89.66963624954224
F,"torch.Size([6804, 6804])",574938,80.52071005917159,89.66971802711487
B_out,"torch.Size([6967296, 6967296])",18743067,2589929.0415819352,89.66976141929626
B_in,"torch.Size([6967296, 6967296])",18960144,2560276.6282585193,89.66980195045471
