Name,Shape,Entries,Compression,Elapsed Time (s)
H,"(6967296, 6967296)",268627969,180707.96474516025,51.63651466369629
B_out,"(6967296, 6967296)",19462675,2494169.6632973626,51.63654971122742
B_in,"(6967296, 6967296)",19607393,2475760.72717143,51.636568546295166
S,"(6967296, 6967296)",92591936,524270.4240638839,51.63658356666565
F,"(6967296, 6967296)",46294448,1048575.2751953322,51.63659691810608
