Name,Shape,Ranks,Entries,Compression,Elapsed Time (s)
H,"[(4, 4), (16, 16), (16, 16), (7, 7), (12, 12), (9, 9), (9, 9)]","[3, 3, 3, 5, 23, 14]",49167,987312904.0131795,797.0463407039642
B_out,"[(4, 4), (16, 16), (16, 16), (7, 7), (12, 12), (9, 9), (9, 9)]","[4, 34, 71, 74, 36, 3]",1302917,37257333.7761469,797.0463764667511
B_in,"[(4, 4), (16, 16), (16, 16), (7, 7), (12, 12), (9, 9), (9, 9)]","[8, 38, 74, 77, 39, 4]",1522418,31885601.425900113,797.0463972091675
S,"[(4, 4), (16, 16), (16, 16), (7, 7), (12, 12), (9, 9), (9, 9)]","[3, 3, 2, 3, 9, 5]",12120,4005215639.572277,797.0464146137238
F,"[(4, 4), (16, 16), (16, 16), (7, 7), (12, 12), (9, 9), (9, 9)]","[1, 1, 1, 1, 3, 4]",2305,21059962495.27809,797.0464322566986
