Name,Shape,Ranks,Entries,Compression,Elapsed Time (s)
H,"[(4, 4), (4, 4), (4, 4), (7, 7), (12, 12), (7, 7), (7, 7)]","[3, 3, 3, 6, 24, 15]",40329,1720652.7257308636,12.63388442993164
S,"[(4, 4), (4, 4), (4, 4), (7, 7), (12, 12), (7, 7), (7, 7)]","[3, 3, 2, 4, 10, 8]",10752,6453888.0,12.633933782577515
F,"[(4, 4), (4, 4), (4, 4), (7, 7), (12, 12), (7, 7), (7, 7)]","[1, 1, 1, 2, 4, 7]",3013,23030933.878526386,12.633957386016846
B_out,"[(4, 4), (4, 4), (4, 4), (7, 7), (12, 12), (7, 7), (7, 7)]","[4, 10, 26, 26, 32, 3]",162647,426642.99849367037,12.633981227874756
B_in,"[(4, 4), (4, 4), (4, 4), (7, 7), (12, 12), (7, 7), (7, 7)]","[8, 14, 30, 30, 35, 4]",210996,328879.2383552295,12.634001016616821
