Name,Shape,Ranks,Entries,Compression,Elapsed Time (s)
H,"[(4, 4), (16, 16), (16, 16), (7, 7), (12, 12), (9, 9), (9, 9)]","[3, 3, 3, 6, 23, 15]",54570,889558613.7367785,1879.5721881389618
B_out,"[(4, 4), (16, 16), (16, 16), (7, 7), (12, 12), (9, 9), (9, 9)]","[4, 34, 106, 106, 44, 3]",2190619,22159587.564800635,1879.5722725391388
B_in,"[(4, 4), (16, 16), (16, 16), (7, 7), (12, 12), (9, 9), (9, 9)]","[8, 38, 110, 110, 47, 4]",2500964,19409801.00138027,1879.5723032951355
S,"[(4, 4), (16, 16), (16, 16), (7, 7), (12, 12), (9, 9), (9, 9)]","[3, 3, 2, 3, 9, 8]",14550,3336303336.8808246,1879.5723366737366
F,"[(4, 4), (16, 16), (16, 16), (7, 7), (12, 12), (9, 9), (9, 9)]","[1, 1, 1, 1, 3, 7]",3277,14813308987.371376,1879.5723650455475
